Image URL,Caption
https://analyticsindiamag.com/wp-content/uploads/2023/06/Apples-App-Store-768x432.jpg,"OpenAI Releases o3-mini in Response to DeepSeek, Makes it Free for All"
https://analyticsindiamag.com/wp-content/uploads/2024/06/Ola-Will-Save-About-INR-15-Crore-Annually-Using-Krutrim-AI-Cloud--768x432.jpg,DeepSeek is Now Available on Krutrim Cloud
https://analyticsindiamag.com/wp-content/uploads/2024/08/learn-to-code-with-cursor-ai-768x432.jpg,DeepSeek Comes to Windsurf & Cursor
https://analyticsindiamag.com/wp-content/uploads/2025/01/LT-AI-768x384.jpg,L&T Finance Launches AI-Powered Home Loan Advisor
https://analyticsindiamag.com/wp-content/uploads/2024/11/Why-Everyone-Wants-to-Partner-with-ServiceNow--768x432.jpg,"ServiceNow, Google Cloud Expand Partnership for AI Enterprise Tools"
https://analyticsindiamag.com/wp-content/uploads/2024/11/You-Wont-Believe-What-Google-Did-in-2024-768x432.jpg,Google Lets You Use AI to Call Businesses on Your Behalf
https://analyticsindiamag.com/wp-content/uploads/2025/01/Screenshot-2025-01-31-at-11.56.41 AM-768x438.png,Our Aim is to Make India a Global Innovation Powerhouse: President Murmu on IndiaAI Mission
https://analyticsindiamag.com/wp-content/uploads/2022/05/Intel-768x432.webp,"Intel Curbs Falcon Shores From Market, Quarterly Revenue Falls by 7%"
https://analyticsindiamag.com/wp-content/uploads/2017/07/Wipros-Looking-glass-platform-will-help-enterprises-develop-IoT-applications-768x576.jpg,Wipro Wins Multi-Million-Dollar Deal to Modernise Etihad Airways’ Technology
https://analyticsindiamag.com/wp-content/uploads/2024/12/DeepSeek-AI-768x432.jpg,"DeepSeek is Leaking Sensitive Information, Says a Report from a Cloud Security Firm"
https://analyticsindiamag.com/wp-content/uploads/2019/01/bosch-company-768x555.jpg,Bosch Global Software Technologies Opens New Office in Bengaluru’s Electronic City
https://analyticsindiamag.com/wp-content/uploads/2024/11/Why-Everyone-Wants-to-Partner-with-ServiceNow--768x432.jpg,"Rolls-Royce, EY Leverage ServiceNow AI Agent Orchestrator for Complex Tasks"
https://analyticsindiamag.com/wp-content/uploads/2025/02/aim-interview-4-768x432.jpg,"Budget 2025: Govt Pushes for GCCs in Tier-2 Cities, Unveils AI Centre of Excellence"
https://analyticsindiamag.com/wp-content/uploads/2024/07/Union-Budget-2024-Could-Redefine-AI--768x432.jpg,Budget 2025 Live: India’s Growth Quadrant
https://analyticsindiamag.com/wp-content/uploads/2020/01/cybersecurity-budget-india.jpg,Can Budget 2025 Help India Retain its GCC Leadership
https://analyticsindiamag.com/wp-content/uploads/2025/01/space-budget-768x432.jpg,Will Union Budget 2025 Lift Off India’s Space Mission?
https://analyticsindiamag.com/wp-content/uploads/2025/01/jobs-768x432.jpg,Economic Survey 2025 Confirms What We’ve Long Feared: AI is Coming for Jobs
https://analyticsindiamag.com/wp-content/uploads/2025/01/Dr-V-Anantha-Nageswaran-768x432.jpg,India’s Chief Economic Advisor Calls for More Private R&D Investments as Govt Funds 50%
https://analyticsindiamag.com/wp-content/uploads/2025/01/Screenshot-2025-01-31-at-3.02.51-PM-768x427.png,AI has Never Helped Low-Budget Indian Films
https://analyticsindiamag.com/wp-content/uploads/2025/01/aim-interview-6-4-768x432.jpg,"OCR is Dying, but Not in India"
https://analyticsindiamag.com/wp-content/uploads/2025/01/AIm-Print-Feb-2025-Edition-768x1042.jpg,AIM Print Feb 2025 edition
https://analyticsindiamag.com/wp-content/uploads/2025/01/AIM-Print-Jan-2025-768x1043.jpg,AIM Print Jan 2025 edition
https://analyticsindiamag.com/wp-content/uploads/2024/12/AIM-Nov-2024-print-768x1048.jpg,Nov 2024 Edition
https://analyticsindiamag.com/wp-content/uploads/2025/01/Analytics-India-Magazine-banners-33-768x432.jpg,Why Nagarro CTO Believes DeepSeek Might be Good for Indian IT
https://analyticsindiamag.com/wp-content/uploads/2024/05/i-2-768x432.jpg,"Telangana and Andhra Pradesh, the New Hotspot for IT and GCCs"
https://analyticsindiamag.com/wp-content/uploads/2025/01/1737709678584_-aim-interview-768x432.jpg,Why Indian IT is Not Keen on Building AI Foundational Models
https://analyticsindiamag.com/wp-content/uploads/2025/01/aim-interview-2-2-768x432.jpg,Hiring Trends in 2025
https://analyticsindiamag.com/wp-content/uploads/2024/11/Indian-IT-Hiring-Sets-the-Gold-Standard-in-Alienating-Talent-768x432.jpg,No One Gets Named and Shamed Like Indian IT Hiring
https://analyticsindiamag.com/wp-content/uploads/2024/10/aim-4-1-768x432.jpg,62% of Job Seekers Believe They Stand a Better Chance if AI is Hiring
https://analyticsindiamag.com/wp-content/uploads/2025/01/Siemens-Technology-and-Services_Bangalore-Office-300x300.webp,How India Became the Core of Siemens Technology and Services’ Global Strategy
https://analyticsindiamag.com/wp-content/uploads/2025/01/Hexagons-Hyderabad-GCC-300x300.jpg,"Hexagon’s Hyderabad GCC Ushers Agentic AI, Ploughs 15% of Revenue Back into R&D"
https://analyticsindiamag.com/wp-content/uploads/2025/01/Banner-Will-Indias-AI-Regulations-Stunt-GCCs-Growth-300x300.jpg,Will India’s AI Regulations Stunt GCCs’ Growth?
https://analyticsindiamag.com/wp-content/uploads/2025/01/Analytics-India-Magazine-banners-28-300x300.jpg,1-Person GCCs Now Possible in India: ANSR CEO Lalit Ahuja
https://analyticsindiamag.com/wp-content/uploads/2024/04/How-Indias-election-can-change-AIs-future-768x432.jpg,ECI Mandates Labelling of AI Generated Content in Political Campaigns
https://analyticsindiamag.com/wp-content/uploads/2025/01/aim-interview-4-3-768x432.jpg,‘India Has Missed the GenAI Bus and No Amount of Funds Can Cover it’
https://analyticsindiamag.com/wp-content/uploads/2023/12/What-Did-Accenture-Get-Right-with-Gen-AI-768x432.jpg,Accenture Hits Record $4.2 Billion in Generative AI Sales
https://analyticsindiamag.com/wp-content/uploads/2024/12/Composable-Architectures-Are-Non-Negotiable-1-768x432.jpg,Composable Architectures Are Non-Negotiable
https://analyticsindiamag.com/wp-content/uploads/2024/12/Image_20241231_135133_515-768x432.jpeg,8 Best Certified Companies for Data Professionals to Work For
https://analyticsindiamag.com/wp-content/uploads/2023/04/palantir-768x432.jpg,Palantir’s New Cohort to Drive Manufacturing Innovations at ‘Warp Speed’
https://analyticsindiamag.com/wp-content/uploads/2024/11/Lingaro-CEO-Thinks-GenAI-Adoption-in-Enterprise-is-Going-to-Take-a-Lot-Longer-Than-People-Think--768x432.jpg,Lingaro CEO Thinks the GenAI Enterprise Revolution is Slower Than it Looks
https://analyticsindiamag.com/wp-content/uploads/2024/11/The-new-facility-inaugurated-by-Smitha-Suryaprakash-VP-Practice-Lead–Design-Experience-UST-in-the-presence-of-Kirankumar-Doraeswamy-VP-Center-Head-768x512.jpg,UST Expands India Presence with a Second Office in Bengaluru
https://analyticsindiamag.com/wp-content/uploads/2024/12/aim-r-1300x731.jpg,"Why GenAI is India’s High-Performance, Low-Cost Game Changer"
https://analyticsindiamag.com/wp-content/uploads/2024/11/IBM-Granite-3.0-is-a-Love-Letter-for-the-Indian-Developer-Ecosystem-1300x731.jpg,Granite 3.0 is IBM’s Love Letter to Indian Developers
https://analyticsindiamag.com/wp-content/uploads/2024/11/What-is-Nikhil-Malhotras-Dream-AI--1300x731.jpg,What is Nikhil Malhotra’s Dream AI?
https://analyticsindiamag.com/wp-content/uploads/2024/11/Avathon-is-Bringing-Industry-AI-into-Indian-Factories-and-Aviation-1300x731.jpg,"Avathon’s Industrial AI to Power Petrol Pumps, Planes"
https://analyticsindiamag.com/wp-content/uploads/2025/01/cropped-image-20-e1738123311891.png,DeepSeek Vs ChatGPT – Why World is Falling for this Chinese AI Model
https://analyticsindiamag.com/wp-content/uploads/2019/01/cropped-how-to-start-trading-stocks-56a22ddb5f9b58b7d0c78746.jpg,10 Popular Algo Trading Platforms for Retail Investors
https://analyticsindiamag.com/wp-content/uploads/2024/11/cropped-Top-AI-Models-in-India-2024.jpg,Top 10 Indian AI Model for Enterprises to Rule in 2025
https://analyticsindiamag.com/wp-content/uploads/2024/10/cropped-GitHub-Boasts-17-Million-Indian-Developers.webp,10 Fastest Growing Developer Communities in Asia Pacific
https://analyticsindiamag.com/wp-content/uploads/2025/01/Semicon-Budget-768x432.jpg,Will Upcoming Budget Deliver on India’s Semiconductor Needs?
https://analyticsindiamag.com/wp-content/uploads/2024/03/India-is-Showing-the-World-How-AI-can-Break-Social-Barriers-768x432.jpg,US Export Rules Put India’s Chip Industry at Crossroads
https://analyticsindiamag.com/wp-content/uploads/2024/10/Top-AI-Stocks-in-India-1300x731.webp,Top 10 AI Stocks in India You Should Look For Before Budget 2025
https://analyticsindiamag.com/wp-content/uploads/2024/06/Best-Large-Language-Model-1300x731.webp,The 15 Best Large Language Models (LLMs) in 2025
https://analyticsindiamag.com/wp-content/uploads/2023/02/AI-image-generator-platforms-1300x731.jpg,The 10 Best AI Image Generator in 2025 You Should Try
